{
  "A_": [
    [0.255105939420693, 1.78906906057931, 0.255105939420693, -0.255105939420693],
    [-1.88750427814366, -0.156670721856338, 0.156670721856338, -0.156670721856338],
    [-0.626966768274260, 0.626966768274260, -0.626966768274260, 4.74657376827426],
    [2.79237589911423, -2.79237589911423, -1.32723110088577, -2.79237589911423]
  ],
  "B_r": [
    [-0.255105939420693],
    [-0.156670721856338],
    [0.626966768274260],
    [-2.79237589911423]
  ],
  "C_r": [
    [269114.367780750, -285154.232219250, -51220.6030099600, -141249.743009960]
  ]
}