{
  "A_r": [
    [-2.707830668700937, 3.107830668700937,-2.70783066870094,2.70783066870094],
    [-1.94028762937747,1.54028762937747,-1.54028762937747,1.54028762937747],
    [-1.31222830622516,1.31222830622516,-1.31222830622516,5.35597830622516],
    [2.04346768845496,-2.04346768845496,-2.00028231154504,-2.04346768845496]
  ],
  "B_r": [
    [2.70783066870094],
    [1.54028762937747],
    [1.31222830622516],
    [-2.04346768845496]
  ],
  "C_r": [
    [23214.043986,23198.820014,-44584.0254375,-141900.8654375]
  ]
}